0,Strasse
07.01.2021,"BLEICHENHOFSTRAßE, BURGSTRAßE, EGELSEESTRAßE, GRUNDSTRAßE, HANGSTRAßE, HELLENSTRAßE, HEUBERGSTRAßE, HOHENBERGSTRAßE, HORBENLOCH GEWANN, HÖRGELSTRAßE, IM BRÜHL, IM BRÜHL GEWANN, KATZENBERGSTRAßE, KREUZACKERSTRAßE, MAIBLUMENSTRAßE, MERGELACKERSTRAßE, NORDOSTSTRAßE, PIROLSTRAßE, QUELLENSTRAßE, RATHAUSSTRAßE, RINGSTRAßE, SCHLOSSBERGSTRAßE, SIEBENMANNSTRAßE, STEINBÜGELSTRAßE, STEINHOFSTRAßE, STEINKREUZSTRAßE, TALWIESENSTRAßE, VORBERGSTRAßE, WETTERSTEINSTRAßE"
11.01.2021,"AM BURGWEG, AM FRIEDHOF, AM STEINBRUCH, AUF DEM GUGGELENSBERG, BERGBAHNSTRAßE, DÜRRBACHSTRAßE, EICHRODTWEG, FECHTSTRAßE, GRÖTZINGER STRAßE, GYMNASIUMSTRAßE, HALDENWANGSTRAßE, HOTZERWEG, IM EISENHAFENGRUND, IM ZEITVOGEL, IN DER TASCH, JEAN-RITZERT-STRAßE, KASTELLSTRAßE, MACHSTRAßE, NESSLERSTRAßE, NONNENBÜHL, OCHSENSTRAßE, POSSELTSTRAßE, REICHARDTSTRAßE, RITTNERTSTRAßE, SEPP-HERBERGER-WEG, STEINLESWEG, TURMBERGSTRAßE, WOLFWEG"
13.01.2021,"AM DECHANTSBERG, AM LERCHENBERG, AUF DEM SCHLÖSSLE, AUGUST-MACKE-STRAßE, BERGWALDSTRAßE, CARL-HOFER-STRAßE, ELLY-HEUSS-WEG, EMIL-NOLDE-STRAßE, ERICH-HECKEL-STRAßE, ERNST-BARLACH-STRAßE, FRANZ-MARC-STRAßE, GEIGERSBERGSTRAßE, HAHNEMANNSTRAßE, IM KENNENTAL, IM OBERN DECHANTSBERG GEWANN, IM RENNICH, IM ROSENGÄRTLE, JUNG-STILLING-STRAßE, KÄTHE-KOLLWITZ-STRAßE, LOUISE-SCHROEDER-WEG, LUßSTEIGE, LUßSTRAßE, LYONEL-FEININGER-WEG, MAX-BECKMANN-STRAßE, MAX-LIEBERMANN-STRAßE, PAUL-KLEE-STRAßE, PAULA-MODERSOHN-STRAßE, PFISTERGRUND, SCHLÖßLEWEG, STRÄHLERWEG, UNTERER LUSSWEG"
15.01.2021,"ALBERT-EINSTEIN-STRAßE, AM ZÜNDHÜTLE, BADENER STRAßE, ELSA-BRÄNDSTRÖM-STRAßE, FRIDTJOF-NANSEN-STRAßE, HEINRICH-WEITZ-STRAßE, HOOVERSTRAßE, MAX-BORN-STRAßE, MAX-VON-LAUE-STRAßE, STRAßE DES ROTEN KREUZES, WALTHER-BOTHE-STRAßE"
19.01.2021,"ALTER GRABEN, AM RAINLE, BLATTWIESENSTRAßE, BRÜHLSTRAßE, DIETRICHSTRAßE, ECKHARTSTRAßE, GRENZSTRAßE, GUDRUNSTRAßE, HILDEBRANDSTRAßE, IN DEN ERLENGÄRTEN, KÄRNTNER STRAßE, OBERWALDSTRAßE, REICHENBACHSTRAßE, SCHINDWEG, STEIERMÄRKER STRAßE"
21.01.2021,"AUF DEN LOHN, BILFINGER STRAßE, ELLMENDINGER STRAßE, ERSINGER STRAßE, GRAZER STRAßE, IM HABERACKER, LISSENSTRAßE"
25.01.2021,"DIESELSTRAßE, EDGAR-HELLER-STRAßE, ERLACHSEEWEG, EUGEN-LANGEN-STRAßE, FIDUCIASTRAßE, GEIßENRAINWEG, GÖLLNITZER STRAßE, GUT-MAGNUS-STRAßE, HAUERLANDSTRAßE, IM SÄUTERICH, KARPATENSTRAßE, KIESELWEG, KILLISFELDSTRAßE, KREMNITZER STRAßE, LEUTSCHAUER STRAßE, MAYBACHSTRAßE, OTTOSTRAßE, PRESSBURGER STRAßE, SCHLESIER STRAßE, WACHHAUSSTRAßE, ZIPSER STRAßE"
27.01.2021,"BERGSTRAßE, ISPRINGER STRAßE, LEUSSLERSTRAßE, MEMELER STRAßE, OSTMARKSTRAßE, STEGWIESENSTRAßE, TIROLER STRAßE, VORARLBERGER STRAßE, WASGAUSTRAßE, WESTMARKSTRAßE, WILFERDINGER STRAßE"
29.01.2021,"AMALIENBADSTRAßE, AN DER RAUMFABRIK, AUER STRAßE, BLEICHSTRAßE, BLOTTERSTRAßE, CHRISTOFSTRAßE, ERNST-FRIEDRICH-STRAßE, GÄRTNERSTRAßE, GRITZNERSTRAßE, HAUPTBAHNSTRAßE, HERZOGSTRAßE, IM BLUMENWINKEL, KANZLERSTRAßE, KARLSRUHER ALLEE, PFAFFSTRAßE, RAIHERWIESENSTRAßE, ROMMELSTRAßE, SCHINNRAINSTRAßE, STEINMETZSTRAßE"
02.02.2021,"AM STADTGRABEN, AM ZWINGER, AMTHAUSSTRAßE, BÄDERSTRAßE, BASLER-TOR-STRAßE, BREITE GAß, BRUNNENHAUSSTRAßE, HAUCKSTRAßE, IMBERSTRAßE, KARL-WEYSSER-STRAßE, KARLSBURGSTRAßE, KELTERSTRAßE, MARSTALLSTRAßE, MITTELSTRAßE, PALMAIENSTRAßE, PFINZTALSTRAßE, PFORZHEIMER STRAßE, PRINZESSENSTRAßE, REBENSTRAßE, ROLLERSTRAßE, WEIHERHOF, WEIHERSTRAßE, WILLMAR-SCHWABE-STRAßE, ZUR GIEßEREI"
04.02.2021,"AM PFINZTOR, AN DER FAYENCE, AN DER STADTMAUER, BIENLEINSTORSTRAßE, BLUMENTORSTRAßE, EICHELGASSE, ENGELBERT-STROBEL-STRAßE, FRIEDRICH-EBERLE-STRAßE, JÄGERSTRAßE, KERAMIKWEG, KLEINBACHSTRAßE, KÖNIGSTRAßE, LEDERSTRAßE, OBERLINSTRAßE, OCHSENTOR STRAßE, PFINZSTRAßE, RAPPENSTRAßE, SEBOLDSTRAßE, SPITALSTRAßE, TÖPFERWEG, ZEHNTSTRAßE, ZUNFTSTRAßE"
08.02.2021,"ALTE WEINGARTENER STRAßE, BONNDORFER STRAßE, FUNKERSTRAßE, HENGSTPLATZ, HUBSTRAßE, LAMPRECHTSTRAßE, LENZENHUB GEWANN, LENZENHUBWEG, LIEBENSTEINSTRAßE, LÖRRACHER STRAßE, NEUENSTEINSTRAßE, SÄCKINGER STRAßE, SCHOPFHEIMER STRAßE, TIENGENER STRAßE, TRAINSTRAßE, UNTEN AM GRÖTZINGER WEG, UNTERE HUB GEWANN, WALDSHUTER STRAßE"
10.02.2021,"ALTE KARLSRUHER STRAßE, ANTON-BRUCKNER-STRAßE, BEI DEM ELFMORGENBRUCH GEWANN, BRÜCHLESTRAßE, DORNWALDSTRAßE, ELFMORGENBRUCHSTRAßE, FRIEDRICH-RAAB-STRAßE, HANS-PFITZNER-STRAßE, HEINRICH-WITTMANN-STRAßE, HINTERWIESENWEG, IM KRAUTGARTEN, JOHANN-STRAUß-STRAßE, JOSEF-KRAUS-STRAßE, KLEINGÄRTNERWEG, KOYWEG, LORTZINGSTRAßE, MASTWEIDENWEG, MILLÖCKERSTRAßE, PAUL-BÖSS-STRAßE, PFARRER-BLINK-STRAßE, UNTERMÜHLSTRAßE, WEINWEG"
12.02.2021,"ALBERT-SCHWEITZER-STRAßE, AM HAGSFELDER BRUNNEN, BERTHA-VON-SUTTNER-STRAßE, DE-COSTER-STRAßE, ELBINGER STRAßE, ERASMUSSTRAßE, HIRSCHGRABENWEG, IM HIRSCHWINKEL, JOHANNISBURGER STRAßE, LACHENWEG, LYCKER STRAßE, MARIE-CURIE-STRAßE, NEIDENBURGER STRAßE, ORTELSBURGER STRAßE, OSTERODER STRAßE, PASCALSTRAßE, REITSCHULSCHLAG, SANDWEG, STOLPER STRAßE"
17.02.2021,"IM EICHBÄUMLE, KÖNIGSBERGER STRAßE, KÖSLINER STRAßE, WEHLAUER STRAßE"
19.02.2021,"INSTERBURGER STRAßE, KÜSTRINER STRAßE, PILLAUER STRAßE, SCHNEIDEMÜHLER STRAßE"
23.02.2021,"BRAUNSBERGER STRAßE, FRIEDLANDER STRAßE, GLOGAUER STRAßE, KOLBERGER STRAßE, LAUENBURGER STRAßE, LÖTZENER STRAßE, NEISSER STRAßE"
25.02.2021,"AN DER FELDSHÜTTE, BEUTHENER STRAßE, DESSAUER STRAßE, DRESDENER STRAßE, EISENACHER STRAßE, ERFURTER STRAßE, GEROLDSÄCKERWEG, GOTHAER STRAßE, HALLESCHE ALLEE, JENAER STRAßE, LEIPZIGER ALLEE, MAGDEBURGER STRAßE, MEIßENER STRAßE, NAUMBURGER STRAßE, WEIMARER STRAßE, WITTENBERGER STRAßE, ZWICKAUER STRAßE"
01.03.2021,"ALLENSTEINER STRAßE, AM FÄCHERBAD, AM SPORTPARK, BRESLAUER STRAßE, BRIEGER STRAßE, GLATZER STRAßE, GLEIWITZER STRAßE, GRÜNBERGER STRAßE, HIRSCHBERGER STRAßE, LIEGNITZER STRAßE, OPPELNER STRAßE, SCHWEIDNITZER STRAßE, STETTINER STRAßE, TILSITER STRAßE, WALDENBURGER STRAßE"
03.03.2021,"AN DER BAHN, GERHARDTSTRAßE, GEROLDSTRAßE, GONDELSHEIMER STRAßE, GUSTAV-HEINEMANN-ALLEE, HAGDORNSTRAßE, HIRSCHÄCKERSTRAßE, HOFÄCKERSTRAßE, JÄGERHAUSSTRAßE, KARLSRUHER STRAßE, NEUBRUNNENSTRAßE, NEUHECKSTRAßE, PARZIVALSTRAßE, WALDECKSTRAßE"
05.03.2021,"AM HEEGWALD, AM KIRCHENSÄMLE, AM STORRENACKER, AN DER ALTEN BACH, AN DER TAGWEIDE, AUF DER BREIT, BRUCHSALER STRAßE, BRÜCKENSTRAßE, FRANZ-SCHNABEL-STRAßE, HERDWEG, IM BREITEN WASEN, JULIUS-BENDER-STRAßE, JUNKERSSTRAßE, OBERDORFSTRAßE, PFIZERSTRAßE, PRINTZSTRAßE, RUSCHGRABEN, SCHÄFERSTRAßE, SCHWETZINGER STRAßE, STÜCKELÄCKERSTRAßE, VOKKENAUSTRAßE, WEGLANGSTRAßE"
09.03.2021,"DROSSELSANGWEG, ERNSTSTRAßE, FINKENSCHLAGWEG, HIRTENWEG, HUTTENSTRAßE, JAGDSTRAßE, MOSBACHER STRAßE, RINTHEIMER HAUPTSTRAßE, RINTHEIMER QUERALLEE"
11.03.2021,"ADA-LOVELACE-STRAßE, ALBERT-NESTLER-STRAßE, CAS-WEG, EMIL-FROMMEL-STRAßE, EMMY-NOETHER-STRAßE, FORSTSTRAßE, HAID-UND-NEU-STRAßE, IM VOGELSAND, KARL-WILHELM-PLATZ, KARL-WILHELM-STRAßE, KONRAD-ZUSE-STRAßE, STUMPFSTRAßE, WILHELM-SCHICKARD-STRAßE"
15.03.2021,"BRETTENER STRAßE, EPPINGER STRAßE, HEILBRONNER STRAßE, MANNHEIMER STRAßE, SINSHEIMER STRAßE, SULZFELDER STRAßE"
17.03.2021,"AM FASANENGARTEN, EDELSHEIMSTRAßE, EMIL-GÖTT-STRAßE, FRAUNHOFERSTRAßE, HAGSFELDER ALLEE, HANSJAKOBSTRAßE, HÖLDERLINSTRAßE, KLOSTERWEG, KORNBLUMENSTRAßE, PARKSTRAßE, PASTOR-FELKE-STRAßE, SCHÖNFELDSTRAßE, SEBASTIAN-KNEIPP-STRAßE, VINCENZ-PRIESSNITZ-STRAßE, WERTHMANNSTRAßE"
19.03.2021,"ADENAUERRING, AN DER FASANENGARTENMAUER, BROHRAINSTRAßE, BÜCHIGER ALLEE, DOLLMÄTSCHSTRAßE, DUNANTSTRAßE, EGGENSTEINER ALLEE, FRIEDRICHSTALER ALLEE, FÜßLINSTRAßE, GAUßSTRAßE, GRABENER ALLEE, HELMERTSTRAßE, HERMINE-VILLINGER-STRAßE, JORDANSTRAßE, KÄPPELESTRAßE, LINKENHEIMER ALLEE, MOMBERTSTRAßE, OKENSTRAßE, OSTRING, SEITERICHSTRAßE, SIEGRISTSTRAßE, STRIEDERSTRAßE, TEUTSCHNEUREUTER ALLEE, THEODOR-HEUSS-ALLEE, THEODOR-REHBOCK-STRAßE, TÖPPERSTRAßE, WEECHSTRAßE, WELCKERSTRAßE, ZAMENHOFSTRAßE"
23.03.2021,"ALTER SCHLACHTHOF, AM BADENWERK, AM SCHLOSS GOTTESAUE, BERCKMÜLLERSTRAßE, GUSTAV-SPECHT-STRAßE, HAIZINGERSTRAßE, HUMBOLDTSTRAßE, SCHLACHTHAUSSTRAßE, SCHÜCKSTRAßE, SEUBERTSTRAßE, STERNBERGSTRAßE, TULLASTRAßE"
25.03.2021,"BERNHARDSTRAßE, BERTHOLDSTRAßE, DURMSTRAßE, ESSENWEINSTRAßE, GEORG-FRIEDRICH-STRAßE, LUDWIG-WILHELM-STRAßE, MELANCHTHONSTRAßE, RINTHEIMER STRAßE, RUDOLFSTRAßE, VEILCHENSTRAßE"
29.03.2021,"DURLACHER ALLEE, GERWIGSTRAßE"
31.03.2021,"AUGUST-SCHWALL-STRAßE, BUNTESTRAßE, DEGENFELDSTRAßE, FRÜHLINGSTRAßE, GOTTESAUER PLATZ, GOTTESAUER STRAßE, HENNEBERGSTRAßE, LACHNERSTRAßE, LOHFELDSTRAßE, OSTENDSTRAßE, SOMMERSTRAßE, WOLFARTSWEIERER STRAßE, ZIMMERSTRAßE"
07.04.2021,"KRIEGSSTRAßE, LUDWIG-ERHARD-ALLEE"
09.04.2021,"AM KÜNSTLERHAUS, BRUNNENSTRAßE, KAISERSTRAßE, KAPELLENSTRAßE"
13.04.2021,"AMALIE-BAADER-STRAßE, ANNA-LAUTER-STRAßE, GERVINUSSTRAßE, HÄUSSERSTRAßE, HEDWIG-KETTLER-STRAßE, HENRIETTE-OBERMÜLLER-STRAßE, KLARA-SIEBERT-STRAßE, LUISE-RIEGGER-STRAßE, MARIE-BAUM-STRAßE, MARIE-JUCHACZ-STRAßE, MELITTA-SCHÖPF-STRAßE, RAHEL-STRAUSS-STRAßE, RANKESTRAßE, SCHERRSTRAßE, SYBELSTRAßE"
15.04.2021,"KURZE STRAßE, MITTELBRUCHSTRAßE, RÜPPURRER STRAßE, STUTTGARTER STRAßE, TIVOLIPLATZ"
19.04.2021,"DOROTHEASTRAßE, ELISABETH-GROßWENDT-STRAßE, HERMANNSTRAßE, LAUTERBERGSTRAßE, MORGENSTRAßE, NEBENIUSSTRAßE, PHILIPP-REIS-STRAßE, ROTTECKSTRAßE, TREITSCHKESTRAßE, WIELANDTSTRAßE"
21.04.2021,"AUGARTENSTRAßE, SCHÜTZENSTRAßE"
23.04.2021,"LUISENSTRAßE, WINTERSTRAßE"
27.04.2021,"BAUMEISTERSTRAßE, ETTLINGER STRAßE, FAUTENBRUCHSTRAßE, FINTERSTRAßE, NOWACKANLAGE, WILHELMSTRAßE"
29.04.2021,"MARIENSTRAßE, MEIDINGERSTRAßE, WERDERPLATZ, WERDERSTRAßE"
03.05.2021,"AM STADTGARTEN, BAHNHOFPLATZ, BAHNHOFSTRAßE, BREITE STRAßE, CÄCILIASTRAßE, FRIEDRICH-SCHOLL-PLATZ, GÜTERBAHNSTRAßE, GUTSCHSTRAßE, HINTERM HAUPTBAHNHOF, KARL-HOFFMANN-STRAßE, KLOSESTRAßE, POSTSTRAßE, SCHNETZLERSTRAßE, SCHWARZWALDSTRAßE, VICTOR-GOLLANCZ-STRAßE"
05.05.2021,"BULACHER STRAßE, GEBHARDSTRAßE, GESCHWISTER-SCHOLL-STRAßE, HOHENZOLLERNSTRAßE, KAROLINENSTRAßE, KRONPRINZENSTRAßE, MARIE-ALEXANDRA-STRAßE, NEUBRUCHWEG, OSSIETZKYSTRAßE, WARTBURGSTRAßE"
07.05.2021,"ALBTALSTRAßE, ALEMANNENSTRAßE, EBERTSTRAßE, FRANKENSTRAßE, GRAF-RHENA-STRAßE, KAROLINGERSTRAßE, KURFÜRSTENSTRAßE, MICHAELSTRAßE, SALIERSTRAßE, WELFENSTRAßE"
11.05.2021,"BRAUERSTRAßE, LEIBNIZSTRAßE, SACHSENSTRAßE, SÜDENDSTRAßE, VINCENTIUSSTRAßE, VORHOLZSTRAßE"
17.05.2021,"BADENWERKSTRAßE AM FESTPLATZ, FRIEDENSTRAßE, GARTENSTRAßE, HERMANN-BILLING-STRAßE, OTTO-SACHS-STRAßE, REDTENBACHERSTRAßE"
19.05.2021,"BOECKHSTRAßE, BÜRKLINSTRAßE, JOLLYSTRAßE, KLAUPRECHTSTRAßE, LENZSTRAßE, NOKKSTRAßE, PUTLITZSTRAßE, ROONSTRAßE, SONNTAGSTRAßE"
21.05.2021,"ALTER BRAUHOF, AUGUST-DÜRR-STRAßE, AUGUSTASTRAßE, BEIERTHEIMER ALLEE, FESTPLATZ, KANTSTRAßE, MATHYSTRAßE, RENCKSTRAßE"
26.05.2021,"KARLSTRAßE, MARKGRAFENSTRAßE"
28.05.2021,"BARBAROSSAPLATZ, HIRSCHHOF, HIRSCHSTRAßE, RITTERSTRAßE"
01.06.2021,"AMALIENSTRAßE, BAISCHSTRAßE, BELFORTSTRAßE, LEOPOLDSTRAßE, VIKTORIASTRAßE"
07.06.2021,"AKADEMIESTRAßE, DOUGLASSTRAßE, HANS-THOMA-STRAßE, KAISERPASSAGE, KARLSHOF, PASSAGEHOF, STEPHANIENSTRAßE, WALDSTRAßE"
08.06.2021,"AM FLOSSGRABEN, AM GIESSBACH, AM GRAFENACKER, AM HOHEN STEIN, AM KNITTELBERG, AM LIEPOLDSACKER, BEUNSTRAßE, BRUCHWALDSTRAßE, DURLACHER STRAßE, EDELMÄNNE, EUGEN-KLEIBER-STRAßE, FRÖBELSTRAßE, GARTENÄCKERWEG, GRAF-KONRAD-STRAßE, GREZZOSTRAßE, HEINRICH-KURZ-STRAßE, HEINRICH-LILIENFEIN-WEG, HERMANN-WEICK-WEG, HILDASTRAßE, HOFÄCKERWEG, IM FISCHERWEG, IM JÄGER, IM LANZINGER, IM MEHL, IM UNTERVIERTEL, IN DEN WEIHERGÄRTEN, IN DER SETZ, JUNGE HÄLDEN, KARL-LEOPOLD-STRAßE, NIDDAPLATZ, NIDDASTRAßE, OBERE SETZ, RATHAUSPLATZ, ROSSWAGSTRAßE, SCHUSTERGASSE, VIERZEHN MORGEN, WEINGARTENER STRAßE, WERRABRONNER STRAßE, WILHELM-MÖSSINGER-STRAßE, WISCHAUER WEG, ZIEGELEISTRAßE"
09.06.2021,"AM GROLLENBERG, AM KIRCHBERG, AM SCHWALBENLOCH, AM VIEHWEG, AN DER ROSSWEID, AN DER SILBERGRUB, AUF DEM KATZENBERG, AUGUSTENBURGSTRAßE, BIESESTRAßE, BLUMENSTRAßE, BÜRGERSTRAßE, CARL-LANGHEIN-STRAßE, DEKAN-HOFHEINZ-STRAßE, ERBPRINZENHOF, ERBPRINZENSTRAßE, EUGEN-WOLLFARTH-WEG, FIESSLERWEG, FIKENTSCHERSTRAßE, FRIEDRICHSPLATZ, GEORG-SCHOLZ-STRAßE, GRESCHBACHSTRAßE, GUSTAV-HOFMANN-STRAßE, HEINSTRAßE, HERRENSTRAßE, IM HOHENGRUND, IM SONNENTAL, IM STALBÜHL, KALLMORGENSTRAßE, KAMPMANNSTRAßE, KARL-MARTIN-GRAFF-STRAßE, KARL-SECKINGER-STRAßE, KIRCHSTRAßE, LAMMSTRAßE, MARGARETHE-HORMUTH-STRAßE, OHMSTRAßE, OTTO-SCHLIEßLER-STRAßE, PAUL-REIN-STRAßE, REINHOLD-FRANK-STRAßE, RINGELBERGHOHL, RUMMSTRAßE, STAIGSTRAßE, STÄNDEHAUSSTRAßE, SÜDLICHER HERRENHOF, VOGELSANG, WINKLER-DENTZ-STRAßE"
10.06.2021,"AM KEGELSGRUND, AM MÜNCHSBERG, AN DER PFINZ, BERGHAUSENER STRAßE, BRÜCKENÄCKERWEG, BÜCHELBERGSTRAßE, EISENBAHNSTRAßE, FEINDHAG, FRIEDRICHSTRAßE, FROSCHHÖHLE, IM GÄSSLE, IM OBERVIERTEL, IM SPEITEL, KÖBLERWEG, KRAPPMÜHLENWEG, KRUMME STRAßE, LAUBPLATZ, MALLENWEG, MARTIN-LUTHER PLATZ, MARTIN-LUTHER-STRAßE, MÜHLSTRAßE, OBERAUSSTRAßE, OBERFELDWEG, RATHAUSGASSE, REBBERGWEG, REITHOHL, RODBERGWEG, ROSALIENBERG, SCHEELWEG, SCHULTHEIß-KIEFER-STRAßE, TORWIESENSTRAßE, TULLAWEG, UNTERER LICHTENBERG WEG, WIESENÄCKERWEG"
11.06.2021,"ADLERSTRAßE, ALTER WEINBERG, AM GRÜNBERG, AM LUSTGARTEN, AM VOGELHÄUSLE, BATZENHOFWEG, BEIM WASSERTURM, BIRKENWÄLDLE, BOCKWEG, DACHSBAU, DÜRRENWETTERSBACHER STRAßE, EBERSTEINSTRAßE, FUCHSBAU, FÜNFZIG MORGEN, GARTENWEG, HASENSPRUNG, HEBELSTRAßE, HINTERE SPITALSTRAßE, HIRSCHWEG, HOPFENACKER, ILTISWEG, KARL-FRIEDRICH-STRAßE, KIRCHPLATZ, KÖPFLE, KREUZSTRAßE, KRONENPLATZ, KRONENSTRAßE, LINDENSTRAßE, MEDERSBUCKEL, NEUER WEG, OCHSENWIESE, PFARRER-LÖW-STRAßE, REHBUCKEL, REIHENSTRAßE, ROSENGARTEN, ROTENBÜSCHLE, SCHAFWEIDE, SCHILLING-VON-CANSTATT-STRAßE, SCHLOßPLATZ, SEEGASSE, SPITALHOF, STEINSTRAßE, TAGLÖHNERGÄRTEN, TIEFENTALSTRAßE, WIESELWEG, WOLFARTSWEIERER WEG, ZIRKEL, ZWEIBRÜCKENER STRAßE"
15.06.2021,"ALBERT-SCHNELLER-WEG, AM BERG, AM GRÄFELSBERG, AM MICHELSBERG, AM PFARRGARTEN, AM STEINHÄUSLE, AM WETTERBACH, BAUMGASSE, BERGACKER, BUSENBACHER STRAßE, DOBELSTRAßE, ENGESSERSTRAßE, ENGLERSTRAßE, FASANENSTRAßE, FRITZ-ERLER-STRAßE, HAULENBERGSTRAßE, HIRSAUER STRAßE, HOHENWETTERSBACHER STRAßE, HORFSTRAßE, IM EICHBUSCH, IM HOLDERBUSCH, IM LÖHL, IM RODEL, KIRCHSTAIG, LEHMANNSTRAßE, LIEBENZELLER STRAßE, NEUENBÜRGER STRAßE, NEUER ZIRKEL, PFEILERWEG, RICHARD-WILLSTÄTTER-ALLEE, RÖTLINGWEG, WALDHORNPLATZ, WALDHORNSTRAßE, WILDBADER STRAßE, WINGERTGASSE, ZÄHRINGERSTRAßE, ZUM WALD, ZUR SCHMALZWIES"
16.06.2021,"AM HERRENWEG, AM WIESENACKER, BALINGER STRAßE, BÖBLINGER STRAßE, BÖHMERWALDSTRAßE, CANNSTATTER STRAßE, DONAULANDSTRAßE, EGERLANDSTRAßE, ESSLINGER STRAßE, HEIDENHEIMER STRAßE, IM SPIEGELGÄRTLE, LEONBERGER STRAßE, LUDWIGSBURGER STRAßE, MARBACHER STRAßE, MECKLENBURGER STRAßE, OSTPREUSSENSTRAßE, REICKERTSTRAßE, REUTLINGER STRAßE, SIGMARINGER STRAßE, THÜRINGER STRAßE, TÜBINGER STRAßE, ULMER STRAßE, WAIBLINGER STRAßE, WIESENSTRAßE, ZUR DORFWIES, ZUR SEEPLATTE, ZUR ZIEGELHÜTTE"
17.06.2021,"AHAWEG, ALTE PALMBACHER STRAßE, AM ZOLLSTOCK, AUF DER RÖMERSTRAßE, BISMARCKSTRAßE, FICHTESTRAßE, FRIEDHOFWEG, GRÜNWETTERSBACHER STRAßE, GUSTAV-MEERWEIN-STRAßE, HENRI-ARNAUD-STRAßE, HOFFSTRAßE, IM BRUNNENFELD, IM KLOTH, IM NEUBRUCH, IM TANN, IM WINTERROT, JAHNSTRAßE, OB DEN GÄRTEN, OB DER EICHHÄLDEN, RIEFSTAHLSTRAßE, SCHEFFELPLATZ, SCHIRMERSTRAßE, SEMINARSTRAßE, STEINHAUERWEG, TALSTRAßE, VIERORDTSTRAßE, WALDBRONNER STRAßE, WALDENSERSTRAßE, WILLY-ANDREAS-ALLEE, WILLY-BRANDT-ALLEE, WÖRTHSTRAßE, ZUM HEIDENFELD"
18.06.2021,"AM HANG, AM ILLWIG, AM MAUERANGER, AM SCHLEIFWEG, AM THOMASHÄUSLE, AM WIESENRAIN, AN DER KLAM, BURGUNDERSTRAßE, EFEUSTRAßE, EICHWALDSTRAßE, ENZIANSTRAßE, FARNWEG, GÄNSBERGSTRAßE, GERBERASTRAßE, GUTEDELSTRAßE, HERMANN-LÖNS-WEG, HINTERM ZAUN, HÖHENSTRAßE, KARLSBADER STRAßE, KLEINSTEINBACHER STRAßE, KÖHLERWEG, LAMPRECHTSHOF, NEUBERGSTRAßE, OBERE GASS, ORTSSTRAßE, PALMBACHER STRAßE, PFEFFERÄCKERSTRAßE, REBGÄRTENSTRAßE, REUTSTRAßE, RIESLINGSTRAßE, RULÄNDERSTRAßE, SILVANERSTRAßE, SONNENBERGSTRAßE, STUPFERICHER WEG, STUTENPFERCHSTRAßE, THOMASHOFSTRAßE, TRAMINERSTRAßE, TROLLINGERSTRAßE, WEIKLESSTRAßE, WERRENSTRAßE, WIESENTALSTRAßE, WINDELBACHSTRAßE, ZUM BERGLE, ZUM SPORTZENTRUM"
21.06.2021,"INDIANARING, KANALWEG, OHIOSTRAßE, RHODE-ISLAND-ALLEE, VERMONTRING"
23.06.2021,"KENTUCKYALLEE, LOUISIANARING, TENNESSEEALLEE"
25.06.2021,"DELAWARESTRAßE, ERZBERGERSTRAßE, FLORIDASTRAßE, MAINESTRAßE, MICHIGANSTRAßE, NEW-JERSEY-STRAßE, NEW-YORK-STRAßE, PENNSYLVANIASTRAßE, VON-BECK-STRAßE"
28.06.2021,"ALFONS-FISCHER-ALLEE, AUGUST-EULER-WEG, DAMASCHKESTRAßE, FRANZ-LUST-STRAßE, FREYDORFSTRAßE, FRIEDRICH-BLOS-STRAßE, FRIEDRICH-WOLFF-STRAßE, GRENADIERSTRAßE, GUSTAV-BINZ-STRAßE, KARL-SCHREMPP-STRAßE, KNIELINGER ALLEE, LILIENTHALSTRAßE, ROGGENBACHSTRAßE, WALDRING"
30.06.2021,"BEETHOVENSTRAßE, BLÜCHERSTRAßE, BRUNHILDENSTRAßE, GRASHOFSTRAßE, HAYDNPLATZ, HELMHOLTZSTRAßE, KOCHSTRAßE, MAXIMILIANSTRAßE, MOLTKESTRAßE, MOZARTSTRAßE, NÖRDLICHE HILDAPROMENADE, PAUL-EHRLICH-STRAßE, RHEINGOLDSTRAßE, RÖNTGENSTRAßE, SIEGFRIEDSTRAßE, STABELSTRAßE, SÜDLICHE HILDAPROMENADE, VIRCHOWSTRAßE, WEBERSTRAßE, WOTANSTRAßE"
06.07.2021,"BURGUNDERPLATZ, DEVRIENTSTRAßE, DRAGONERSTRAßE, GUNTHERSTRAßE, HAGENSTRAßE, KAISERALLEE, KRIEMHILDENSTRAßE, RICHARD-WAGNER-STRAßE, SCHUBERTSTRAßE, WENDTSTRAßE"
08.07.2021,"ALBERICHSTRAßE, FELIX-MOTTL-STRAßE, HÄNDELSTRAßE, ISOLDESTRAßE, KANONIERSTRAßE, KÄRCHERSTRAßE, LOHENGRINSTRAßE, NIBELUNGENPLATZ, NIBELUNGENSTRAßE, SELDENECKSTRAßE, STÖSSERSTRAßE, TANNHÄUSERSTRAßE, TRISTANSTRAßE"
12.07.2021,"BACHSTRAßE, BRAHMSSTRAßE, GLUCKSTRAßE, KALLIWODASTRAßE, PHILIPPSTRAßE, SCHUMANNSTRAßE"
14.07.2021,"FLIEDERSTRAßE, GEIBELSTRAßE, GLÜMERSTRAßE, LUDWIG-MARUM-STRAßE, NUITSSTRAßE"
16.07.2021,"FABRIKSTRAßE, LAMEYSTRAßE, RHEINSTRAßE"
20.07.2021,"AM ENTENFANG, HARDTSTRAßE, LERCHENSTRAßE, LINDENPLATZ, MARKTSTRAßE, SEDANSTRAßE, SONNENSTRAßE, STERNSTRAßE"
22.07.2021,SOPHIENSTRAßE
26.07.2021,"GÖRRESSTRAßE, STAUDINGERSTRAßE, VOLZSTRAßE, WICHERNSTRAßE"
28.07.2021,"DRAISSTRAßE, GABELSBERGERSTRAßE, GELLERTSTRAßE, GERANIENSTRAßE, GRILLPARZERSTRAßE, GUTENBERGPLATZ, GUTENBERGSTRAßE, HERDERSTRAßE, KLOPSTOCKSTRAßE, NELKENSTRAßE, PETER-UND-PAUL-PLATZ"
30.07.2021,"WEINBRENNERSTRAßE, YORCKSTRAßE"
03.08.2021,"BUNSENSTRAßE, EISENLOHRSTRAßE, GUSTAV-HELLER-PLATZ, HÜBSCHSTRAßE, LIEBIGSTRAßE, WELTZIENSTRAßE, WILHELM-BAUR-STRAßE"
05.08.2021,"GOETHESTRAßE, KÖRNERSTRAßE, MONDSTRAßE, UHLANDSTRAßE"
09.08.2021,"BETTINA-VON-ARNIM-WEG, SCHEFFELSTRAßE, SCHILLERSTRAßE"
11.08.2021,"EDGAR-VON-GIERKE-STRAßE, EHRMANNSTRAßE, ERNST-FREY-STRAßE, HANS-SACHS-STRAßE, HERMANN-VEIT-STRAßE, HOLTZSTRAßE, LESSINGSTRAßE, LORENZSTRAßE, MONINGERSTRAßE, RÖMHILDTSTRAßE, SCHWINDSTRAßE, SIEGFRIED-KÜHN-STRAßE, STEINHÄUSERSTRAßE"
13.08.2021,"BINSENSCHLAUCHWEG, DONNERSBERGWEG, EUGEN-RICHTER-STRAßE, HEINRICH-KÖHLER-STRAßE, KALMITWEG, KESSELBERGWEG, LUDWIG-WINDTHORST-STRAßE, NANCYSTRAßE, POSTWEG, REHBERGWEG, SCHÄNZLE, ST.-BARBARA-WEG"
17.08.2021,"AUGUST-BEBEL-STRAßE, BELLHEIMER STRAßE, BERGZABERNER STRAßE, HAGENBACHER STRAßE, JOCKGRIMERSTRAßE, KUßMAULSTRAßE, MADENBURGWEG, RÜLZHEIMER STRAßE"
19.08.2021,"EHLERSSTRAßE, FRIEDRICH-NAUMANN-STRAßE, JOSEF-SCHMITT-STRAßE, JOSEF-SCHOFER-STRAßE, KAISERSLAUTERNER STRAßE, KURT-SCHUMACHER-STRAßE, SENGESTRAßE, STRESEMANNSTRAßE, TRIERER STRAßE, WILHELM-HAUSENSTEIN-ALLEE, WILHELM-KOLB-STRAßE"
23.08.2021,"ANEBOSWEG, BIENWALDSTRAßE, DÜRKHEIMER STRAßE, FRANKENTHALER STRAßE, GERMERSHEIMER STRAßE, HAMBACHER STRAßE, HARDENBURGWEG, KROPSBURGWEG, LIMBURGWEG, LUDWIGSHAFENER STRAßE, MAXBURGWEG, NEUSTADTER STRAßE, OPPAUER STRAßE, PIRMASENSER STRAßE"
25.08.2021,"BOSCHSTRAßE, DAHNER STRAßE, DAIMLERSTRAßE, DÖRRENBACHER STRAßE, HERTZSTRAßE, KIEFERÄCKERSTRAßE, LANDAUER STRAßE, NEUREUTER STRAßE, RHODTER STRAßE, SCHWEIGENER STRAßE, WATTSTRAßE, WEISSENBURGER STRAßE"
27.08.2021,"AM RENNBUCKEL, BERLINER STRAßE, BINGER STRAßE, BOCHUMER STRAßE, BONNER STRAßE, DURLACHER WEG, JULIUS-HIRSCH-STRAßE, KARLSRUHER WEG, STRAßBURGER STRAßE, WIESBADENER STRAßE, WORMSER STRAßE"
31.08.2021,"BODELSCHWINGHSTRAßE, BORSIGSTRAßE, FEIERABENDWEG, FELDSTRAßE, GABLONZER STRAßE, HEIMGARTENWEG, KEPLERSTRAßE, LAUBENWEG, NEUGRABENSTRAßE, SCHOEMPERLENSTRAßE, SEYDLITZSTRAßE, SIEMENSALLEE, STEUBENSTRAßE, ZIETENSTRAßE"
02.09.2021,"ANNWEILERSTRAßE, CARL-SCHURZ-STRAßE, ERNST-WÜRTENBERGER-STRAßE, EUGEN-GEIGER-STRAßE, FERDINAND-KELLER-STRAßE, G.-BRAUN-STRAßE, GUSTAV-SCHÖNLEBER-STRAßE, IM HUSARENLAGER, ITZSTEINSTRAßE, JULIUS-BERGMANN-STRAßE, LASSALLESTRAßE, LUDWIG-DILL-STRAßE, STILLER WINKEL, WILHELM-TRÜBNER-WEG"
06.09.2021,"BERNHARD-METZ-STRAßE, CARL-SCHÄFER-STRAßE, CURJEL-UND-MOSER-STRAßE, EGON-EIERMANN-ALLEE, EICHHECKLE, GRÜNHUTSTRAßE, GUSTAV-HEINKEL-STRAßE, HERMANN-VOLLMER-STRAßE, KEßLAUSTRAßE, LANGBÜHL, OTTO-BARTNING-STRAßE, PIONIERSTRAßE, SUDETENSTRAßE"
08.09.2021,"AM BRURAIN, EGGENSTEINER STRAßE, HECKERSTRAßE, HERMANN-KÖHL-STRAßE, HERWEGHSTRAßE, LANDECKSTRAßE, LÖNSSTRAßE, LORSCHER STRAßE, REINMUTHSTRAßE, RHEINBRÜCKENSTRAßE, SCHULSTRAßE, SCHULTHEIßENSTRAßE, STRUVESTRAßE, TRIFELSSTRAßE"
10.09.2021,"AM KIRCHTAL, AM ÖLHAFEN, BESOLDGASSE, DEA-SCHOLVEN-STRAßE, DREIKÖNIGSTRAßE, ELSÄSSER PLATZ, ELSÄSSER STRAßE, GOLDWÄSCHERGASSE, GRABENORT GEWANN, KIRCHBÜHLSTRAßE, LAUTERBURGER STRAßE, LOTHRINGER STRAßE, MAXAU AM RHEIN, MAXAUER STRAßE, MITSCHERLICHSTRAßE, NEUFELDSTRAßE, RAFFINERIESTRAßE, SAARLANDSTRAßE, WESTLICHE RHEINBRÜCKEN-STRAß"
14.09.2021,"ALBHÄUSLEWEG, AM SANDBERG, BLENKERSTRAßE, BLINDSTRAßE, BRUCHWEG, ELSTERNWEG, FISCHREIHERSTRAßE, FRAUENHÄUSLEWEG, IM BIPPLES, JAKOB-DÖRR-STRAßE, KAMMERLACHWEG, KOLBENGÄRTEN, MAX-DORTU-STRAßE, RETZLACHWEG, RHEINBERGSTRAßE"
16.09.2021,"AM HAFEN, AM MÜHLBURGER BAHNHOF, AM SONNENBAD, AN DER ANLEGESTELLE, AN DER MOLE, AN DER RAINMÜHLE, FETTWEISSTRAßE, HANSASTRAßE, HOCHBAHNSTRAßE, HONSELLSTRAßE, IM SCHLEHERT, KOELLESTRAßE, KURZHECKWEG, LITZELAUSTRAßE, NORDBECKENSTRAßE, NÖRDLICHE UFERSTRAßE, PFALZBAHNSTRAßE, RHEINHAFENSTRAßE, STARCKSTRAßE, SÜDBECKENSTRAßE, SÜDHAFENSTRAßE, SÜDLICHE UFERSTRAßE, UNTERE STRAßE, WERFTSTRAßE, WIKINGERSTRAßE"
20.09.2021,"AUGUST-KUTTERER-STRAßE, BABBERGERSTRAßE, BIENENSTRAßE, BURGAUSTRAßE, FEDERBACHSTRAßE, FRITSCHLACHWEG, FROHNGÄRTENWEG, GOLDGRUNDSTRAßE, HAHNENSTRAßE, HAMMWEG, HERMANN-SCHNEIDER-ALLEE, HOHLEICHWEG, IM JAGDGRUND, INDUSTRIESTRAßE, INSELSTRAßE, KLEINE FEDERBACHSTRAßE, LAUBSTRAßE, LEO-FALLER-STRAßE, LILIENSTRAßE, MALVENSTRAßE, MARTHA-KROPP-STRAßE, NEUGÄRTENWEG, OTTO-LAIBLE-STRAßE, PFARRSTRAßE, QUERSTRAßE, SAUMWEG, SCHATTENSTRAßE, VORDERSTRAßE, WAIDWEG, WILLI-EGLER-STRAßE"
22.09.2021,"ANKERSTRAßE, HINTER DER KIRCHE, HOLLÄNDERSTRAßE, KASTENWÖRTSTRAßE, KRÄMERSTRAßE, LANGENACKERSTRAßE, PFALZSTRAßE, RAPPENWÖRTSTRAßE, TAUBENSTRAßE, TURNERSTRAßE, VALENTINSTRAßE"
24.09.2021,"AGATHENSTRAßE, AUGUST-DOSENBACH-STRAßE, BERT-BRECHT-STRAßE, GERHART-HAUPTMANN-STRAßE, HERMANN-HESSE-STRAßE, HÖRDTSTRAßE, KARPFENWEG, KIRSCHSTRAßE, LINDENALLEE, NEUBURGER STRAßE, RÖMERSTRAßE, SALMENSTRAßE, SCHIFFERSTRAßE, THOMAS-MANN-STRAßE, ZANDERWEG, ZOLLSTRAßE"
28.09.2021,"AM ANGER, BÄUMLESÄCKER, BUTZ-JAKOBS-ÄCKER GEWANN, DORNRÖSCHENWEG, FALTERWEG, FELDBLUMENWEG, GRILLENWEG, KARL-DELISLE-STRAßE, KIEBITZENWEG, KLEINER ANGER, KRANICHWEG, LIBELLENWEG, NUSSBAUMWEG, PAPPELALLEE, RHEINSTRANDALLEE, SCHMETTERLINGWEG, STEINÄCKERSTRAßE, STORCHENWEG, WEIDENWEG, WIESENBLUMENWEG, ZIKADENWEG"
30.09.2021,"ALBRING, BESSELSTRAßE, BRUNNENÄCKERWEG, BUSCHWIESENWEG, DAXLANDER STRAßE, ECKENERSTRAßE, HAMMÄCKER, KASTANIENALLEE, KOPERNIKUSSTRAßE, KORNWEG, LÜDERITZSTRAßE, MAUERWEG, PANORAMAWEG, RABENWEG, RUDOLF-FREYTAG-STRAßE, SCHLAGFELDWEG, SILCHERSTRAßE, WIßMANNSTRAßE"
04.10.2021,"ANDREAS-HOFER-STRAßE, AUF DEN EISWIESEN, BLOHNSTRAßE, CARL-METZ-STRAßE, FRANZ-ABT-STRAßE, GERBERSTRAßE, KOELREUTERSTRAßE, MICHELINSTRAßE, MÖRSCHER STRAßE, MÜHLBURGER STRAßE, NEUBRUCHSTRAßE, PFANNKUCHSTRAßE, ROBERT-BLUM-STRAßE, SINNERSTRAßE, WILHELM-TELL-STRAßE, WINKELRIEDSTRAßE, ZEPPELINSTRAßE"
06.10.2021,"ALTFELDSTRAßE, APPENMÜHLSTRAßE, BOETTGESTRAßE, CHARLOTTENPLATZ, CHARLOTTENSTRAßE, CHRISTIAN-SCHNEIDER-STRAßE, DURMERSHEIMER STRAßE, FORCHHEIMER STRAßE, GERSTENSTRAßE, HAUSACKERSTRAßE, HEINRICH-SPACHHOLZ-STRAßE, HOPFENSTRAßE, JOHANNES-SCHUSTER-WEG, KONRADIN-KREUTZER-STRAßE, MARGARETHENSTRAßE, ULMENALLEE"
08.10.2021,"BRANDENKOPFSTRAßE, EICHELBERGSTRAßE, FREMERSBERGWEG, GROßER PFAD, HELLBERGSTRAßE, HOHLOHSTRAßE, KLEINER PFAD, KREUZELBERGSTRAßE, MAHLBERGSTRAßE, MERKURWEG, PLÄTTIGWEG, SCHLIFFKOPFWEG, SCHÖLLKOPFWEG, SCHÖNER PFAD, STAUFENBERGWEG, STRAHLENBURGWEG, WACHENBURGWEG, WATTKOPFSTRAßE, YBURGWEG"
12.10.2021,"BATTERTSTRAßE, BERNSTEINSTRAßE, EDELBERGSTRAßE, FRITZ-HABER-STRAßE, HARDECKSTRAßE, HAUBENKOPFSTRAßE, HEIDENSTÜCKERWEG, HERRMANN-LEICHTLIN-STRAßE, HOCHKOPFSTRAßE, HORNISGRINDESTRAßE, JOACHIM-KURZAJ-WEG, KÜBELKOPFSTRAßE, LANGECKWEG, LOTZBECKSTRAßE, MAUZENBERGSTRAßE, MEHLISKOPFSTRAßE, MITTELBERGSTRAßE, OMERSKOPFSTRAßE, RENNBERGSTRAßE, SCHEIBENBERGSTRAßE, STULZSTRAßE"
14.10.2021,"AHORNWEG, AKAZIENSTRAßE, BENZSTRAßE, BIRKENWEG, BUCHENWEG, EICHENWEG, ESCHENWEG, ESPENWEG, FELSSTRAßE, GRIESBACHSTRAßE, HASELWEG, JUNKER-UND-RUH-STRAßE, KESSLERSTRAßE, KOHLENSTRAßE, LAGERSTRAßE, LISTSTRAßE, PULVERHAUSSTRAßE, RÜSTERWEG, SIEDLERSTRAßE, ZIEGELSTRAßE"
18.10.2021,"ALBERT-BRAUN-STRAßE, BONHOEFFERSTRAßE, GOERDELERSTRAßE, ORTENBERGSTRAßE, OTTO-WELS-STRAßE, SCHAUENBURGSTRAßE, SCHENKENBURGSTRAßE, UNTERREUT, UNTERWEINGARTENFELD, WINDECKSTRAßE"
20.10.2021,"EUGEN-GECK-STRAßE, JOHANNA-KIRCHNER-STRAßE, KARL-FLÖßER-STRAßE, MAX-HABERMANN-STRAßE, RUDOLF-BREITSCHEID-STRAßE"
22.10.2021,"BADENIAPLATZ, BERNHARD-LICHTENBERG-STRAßE, EDITH-STEIN-STRAßE, ELISABETH-VON-THADDEN-STRAßE, EVA-MARIA-BUCH-STRAßE, FRIEDRICH-WEICK-STRAßE, GRAF-GALEN-STRAßE, GRAF-STAUFFENBERG-STRAßE, GUSTAV-SCHULENBURG-STRAßE, HERMANN-MÜLLER-WÜRTZ-STRAßE, MARIA-TERWIEL-STRAßE, WOERISHOFFERSTRAßE"
26.10.2021,"GEBRÜDER-BACHERT-STRAßE, GEBRÜDER-HIMMELHEBER-STRAßE, GROßOBERFELD, IM MITTELFELD, IN DEN BRÜCHLEWIESEN, KLEINOBERFELD, KLEINSEEÄCKER GEWANN, LITZENHARDTSTRAßE, LOHWIESENWEG, OBERROßWEIDE GEWANN, WILHELM-LEUSCHNER-STRAßE"
28.10.2021,"BANNWALDALLEE, GRÜNWINKLER STRAßE, HUBERTUSALLEE, LANDGRABENSTRAßE, LAURENTIUSSTRAßE, MAIENWEG, MARKUSSTRAßE, MARTINSTRAßE, NEUE-ANLAGE-STRAßE, OBERKIRCHFELD STRAßE, PETERGRABEN, ROLANDPLATZ, ROLANDSTRAßE, ST.-FLORIAN-STRAßE, ST.-GEORG-STRAßE"
03.11.2021,"ACHERSTRAßE, BELCHENPLATZ, BELCHENSTRAßE, BLAUENSTRAßE, DONAUSTRAßE, DREISAMSTRAßE, ENZSTRAßE, FELDBERGPLATZ, FELDBERGSTRAßE, KANDELSTRAßE, KINZIGSTRAßE, KNIEBISSTRAßE, LINKS DER ALB, MAINSTRAßE, MURGSTRAßE, NECKARPLATZ, NECKARSTRAßE, OOSSTRAßE, SCHAUINSLANDSTRAßE, TAUBERSTRAßE, WEHRASTRAßE, WUTACHSTRAßE"
05.11.2021,"BUSSARDWEG, DAMMERSTOCKSTRAßE, DANZIGER STRAßE, FALKENWEG, FREIBURGER STRAßE, HEIDELBERGER STRAßE, IM ESCHWINKEL, KEHLER STRAßE, KOBLENZER STRAßE, KONSTANZER STRAßE, MAINZER STRAßE, MARIA-MATHEIS-STRAßE, NÜRNBERGER STRAßE, OFFENBURGER STRAßE, RECHTS DER ALB, SAARBRÜCKER STRAßE, SPERBERWEG, SPEYERER STRAßE"
09.11.2021,"AM RÜPPURRER SCHLOß, ERLENWEG, ETTLINGER ALLEE, FÖRSTERPFAD, GOTTLOB-SCHREBER-WEG, HAUSCHILDPFAD, HEDWIGSTRAßE, HERRENALBER STRAßE, MÜHLWIESENWEG, RASTATTER STRAßE, SCHEIBENHARDTER WEG"
11.11.2021,"AMTMÄNNENWIESEN GEWANN, BRUNNENSTÜCKWEG, HOLDERWEG, KROKUSWEG, KUHLAGER-SEELE-WEG, LANGE STRAßE"
15.11.2021,"AM EICHELGARTEN, ASTERNWEG, BLÜTENWEG, DAHLIENWEG, FISCHERSTRAßE, GOLDLACKWEG, HAINBUCHENWEG, HECKENWEG, IM GRÜN, IRISWEG, LIGUSTERWEG, OSTENDORFPLATZ, OSTENDORFSTRAßE, PRIMELWEG, RESEDENWEG, ROSENWEG, SEEWIESENÄCKERWEG, STAUDENWEG, WICKENWEG"
17.11.2021,"ANDERSENSTRAßE, ARNDTSTRAßE, ASCHENBRÖDELWEG, BREISGAUSTRAßE, DÄUMLINGWEG, DIAKONISSENSTRAßE, ELFENWEG, FRONSTRAßE, GEBRÜDER-GRIMM-STRAßE, GÖHRENSTRAßE, GRAF-EBERSTEIN-STRAßE, GRETELWEG, HÄNSELWEG, HAUFFSTRAßE, HEGAUSTRAßE, KLEISTSTRAßE, KRAICHGAUSTRAßE, LAUSCHIGER WEG, LEBRECHTSTRAßE, LUDWIG-TIECK-STRAßE, MÄRCHENRING, ORTENAUSTRAßE, PRINZENWEG, ROTKÄPPCHENWEG, SCHENKENDORFSTRAßE, SCHNEEWITTCHENWEG, STEINMANNSTRAßE, TULPENSTRAßE, WICHTELMÄNNERWEG, ZWERGENWEG"
19.11.2021,"ALLMENDSTRAßE, AM SIXENRAIN, BURBACHER STRAßE, FRAUENALBER STRAßE, GAISTALWEG, HINTERM DORF, LÖWENSTRAßE, LÜTZOWSTRAßE, MARXZELLER STRAßE, MOOSALBSTRAßE, NIKOLAUSSTRAßE, PFAUENSTRAßE, RIEDSTRAßE, SCHÖLLBRONNER STRAßE, SPESSARTER STRAßE, SPIELBERGER STRAßE, STOCKGÄßCHEN"
23.11.2021,"ADALBERT-STIFTER-STRAßE, BATTSTRAßE, BAUMGARTENWEG, BUSCHWEG, EDUARD-MÖRIKE-STRAßE, HEINRICH-HEINE-RING, JOSEPH-VON-EICHENDORFF-STRAßE, MARIE-LUISE-KASCHNITZ-STRAßE, NIKOLAUS-LENAU-STRAßE, REINHOLD-SCHNEIDER-STRAßE"
25.11.2021,"ALTE BAHNLINIE, ALTE KREISSTRAßE, ALTER POSTWEG, AM BAUFELD, AM HUBENGUT, AM SANDFELD, AM WALD, ARNIKAWEG, BOCKSDORNWEG, ERIKAWEG, FEUERDORNWEG, FLUGHAFENSTRAßE, GOLDREGENWEG, GRÜNER WEG, HAGEBUTTENWEG, HECKENROSENWEG, HEIDEWEG, JASMINWEG, KLAMMWEG, LAVENDELWEG, LORBEERWEG, ROSENHOFWEG, ROSMARINWEG, ROTDORNWEG, SALBEIWEG, SANDDORNWEG, SCHLEHENWEG, SCHWARZDORNWEG, WEISSDORNWEG"
29.11.2021,"ALBRECHT-ALTDORFER-WEG, AM PFAD, AM SCHULBERG, BÄRENWEG, DÜRERSTRAßE, FRANS-HALS-WEG, GROßSCHNEIDERSWEG, GRÜNEWALDSTRAßE, HANS-BALDUNG-GRIEN-WEG, HOLBEINSTRAßE, LUCAS-CRANACH-STRAßE, MARTIN-SCHONGAUER-WEG, MICHAEL-PACHER-WEG, OBERFELDSTRAßE, PETRUS-WALDUS-STRAßE, PIEMONTSTRAßE, PRALISTRAßE, RECHTS DER LANGEN RICHTSTATT, REMBRANDTSTRAßE, RUBENSSTRAßE, SCHÖNENBERGER STRAßE, STEPHAN-LOCHNER-WEG, UNTERFELDSTRAßE, WELSCHNEUREUTER STRAßE"
01.12.2021,"AM BACHKANAL, AM GARTENBERG, AM JUNKERTSCHRITT, AM ZINKEN, AN DER SANDGRUBE, BACHENWEG, GEWERBERING, GRABENER STRAßE, HINTER DEN SCHEUNEN, IM KLEINEN BRUCH, IM LANGBRUCH, IN DEN KUHWIESEN, NEUREUTER HAUPTSTRAßE, UNTERER DAMMWEG"
03.12.2021,"ALTE FRIEDRICHSTRAßE, KIRCHFELDSTRAßE, KIRCHHOFSTRAßE"
07.12.2021,"AM ALTEN BAHNHOF, AMSELWEG, DROSSELWEG, ERICH-KÄSTNER-STRAßE, FINKENWEG, FRANZ-KAFKA-STRAßE, FRIEDHOFSTRAßE, GEORG-BÜCHNER-STRAßE, GÜRRICHSTRAßE, INA-SEIDEL-STRAßE, KUCKUCKSWEG, MEISENWEG, MITTELTORSTRAßE, PFARRER-GRAEBENER-STRAßE, STEFAN-ZWEIG-STRAßE, TEUTSCHNEUREUTER STRAßE, THEODOR-FONTANE-STRAßE, UHUWEG, VOGTSTRAßE, WILHELM-RAABE-STRAßE"
09.12.2021,"ABRAHAM-LINCOLN-ALLEE, BACHSTELZENWEG, EICHELHÄHERWEG, EISVOGELWEG, EULENWEG, FRANZ-XAVER-HONOLD-STRAßE, GERDA-KRÜGER-NIELAND-STRAßE, HELGA-SEIBERT-STRAßE, HOCHSTETTENER RING, IBISWEG, JOHANN-GEORG-SCHLOSSER-STRAßE, KLEIBERWEG, KONRAD-HESSE-STRAßE, LEOPOLDSHAFENER STRAßE, LIEDOLSHEIMER RING, LOTHAR-KREYSSIG-STRAßE, NACHTIGALLENWEG, NEUREUTER QUERALLEE, ROTKEHLCHENWEG, RUSSHEIMER STRAßE, SCHWALBENWEG, SPECHTWEG, SPERLINGWEG, SPÖCKER STRAßE, STARENWEG, STIEGLITZWEG, UNTERE HARDTSTRAßE, ZEISIGWEG"
13.12.2021,"BLANKENLOCHER WEG, DONAUSCHWABENSTRAßE, EDUARD-VON-SIMSON-STRAßE, EIBENWEG, ERNA-SCHEFFLER-STRAßE, FICHTENWEG, FÖHRENWEG, FORLENWEG, GEBHARD-MÜLLER-STRAßE, GERHARD-LEIBHOLZ-STRAßE, GILDESTRAßE, HANS-VON-DOHNANYI-STRAßE, HERMANN-HÖPKER-ASCHOFF-STRAß, KIEFERNWEG, LÄRCHENWEG, TANNENWEG, WACHHOLDERWEG, WOLFGANG-ZEIDLER-STRAßE, ZEDERNWEG, ZYPRESSENWEG"
14.12.2021,"AN DER TRIFT, AN DER VOGELHARDT, AN DER WALDSCHULE, GINSTERWEG, LINKENHEIMER LANDSTRAßE, MISTELWEG, MOLDAUSTRAßE, MOOSWEG, THUJAWEG, WALDMEISTERWEG, WALDREBENWEG, ZEHNTWALDSTRAßE, ZIRBENWEG"
